<wpml-config>
  <admin-texts>

      <key name="advisor_options">
      <key name="advisor-general"/>
      <key name="advisor-header-logo"/>
      <key name="advisor_blog_layout"/>
      <key name="advisor-accent-type"/>
      <key name="advisor-accent-select"/>
      <key name="advisor-accent-color"/>
	     <key name="advisor-icon-select"/>
      <key name="advisor-enable-animations"/>
	     <key name="advisor-enable-page-loader"/>
      <key name="enable-charts-script-on-all"/>
	     <key name="enable-google-script-on-all"/>
      <key name="bta-google-map-api-key"/>
      <key name="advisor-custom-styles"/>
      <key name="advisor-custom-scripts"/>
      <key name="advisor-header"/>
      <key name="advisor-header-layout"/>
      <key name="advisor-enable-tob-bar"/>
      <key name="advisor-header-tagline"/>
      <key name="advisor-top-bar-color-type"/>
      <key name="advisor-header-top-bar-color"/>
      <key name="advisor-header-tagline-bg"/>
      <key name="advisor-header-menu-background"/>
	     <key name="advisor-header-phone"/>
      <key name="advisor-header-phone-label"/>
      <key name="advisor-header-phone-call-us"/>
      <key name="advisor-header-email"/>
      <key name="advisor-header-company"/>
      <key name="advisor-header-address"/>
      <key name="advisor-header-office-time"/>
      <key name="advisor-header-working-days"/>
      <key name="advisor-get-a-quote"/>
      <key name="advisor-get-a-label"/>
      <key name="advisor-header-search-icon"/>
	     <key name="advisor-header-social-icons"/>
      <key name="advisor-slideshow"/>
      <key name="adivor-slideshow-delay-time"/>
      <key name="advisor-slide-1"/>
      <key name="advisor-image-slide-1"/>
      <key name="heading-slide-1"/>
	     <key name="text-slide-1"/>
      <key name="button-text-1-slide-1"/>
      <key name="button-link-1-slide-1"/>
      <key name="button-text-2-slide-1"/>
	     <key name="button-link-2-slide-1"/>
      <key name="text-align-slide-1"/>
      <key name="heading-nav-slide-1"/>
      <key name="text-nav-slide-1"/>
      <key name="advisor-slide-1-end"/>
      <key name="advisor-slide-2"/>
      <key name="advisor-image-slide-2"/>
      <key name="heading-slide-2"/>
      <key name="text-slide-2"/>
      <key name="button-link-1-slide-2"/>
      <key name="button-text-2-slide-2"/>
      <key name="button-link-2-slide-2"/>
      <key name="text-align-slide-2"/>
      <key name="heading-nav-slide-2"/>
      <key name="text-nav-slide-2"/>
      <key name="advisor-slide-2-end"/>
      <key name="advisor-slide-3"/>
      <key name="advisor-image-slide-3"/>
      <key name="heading-slide-3"/>
      <key name="text-slide-3"/>
      <key name="button-text-1-slide-3"/>
      <key name="button-link-1-slide-3"/>
      <key name="button-text-2-slide-3"/>
      <key name="button-link-2-slide-3"/>
      <key name="text-align-slide-3"/>
      <key name="heading-nav-slide-3"/>
      <key name="text-nav-slide-3"/>
      <key name="advisor-slide-3-end"/>
      <key name="advisor-slide-4"/>
      <key name="advisor-image-slide-4"/>
      <key name="heading-slide-4"/>
      <key name="text-slide-4"/>
      <key name="button-text-1-slide-4"/>
      <key name="button-link-1-slide-4"/>
      <key name="button-text-2-slide-4"/>
      <key name="button-link-2-slide-4"/>
      <key name="text-align-slide-4"/>
      <key name="heading-nav-slide-4"/>
      <key name="text-nav-slide-4"/>
      <key name="advisor-slide-4-end"/>
      <key name="advisor-slide-5"/>
      <key name="advisor-image-slide-5"/>
      <key name="heading-slide-5"/>
      <key name="text-slide-5"/>
      <key name="button-text-1-slide-5"/>
      <key name="button-link-1-slide-5"/>
      <key name="button-text-2-slide-5"/>
      <key name="button-link-2-slide-5"/>
      <key name="text-align-slide-5"/>
      <key name="heading-nav-slide-5"/>
      <key name="text-nav-slide-5"/>
      <key name="advisor-slide-5-end"/>
      <key name="advisor-slide-6"/>
      <key name="advisor-image-slide-6"/>
      <key name="heading-slide-6"/>
      <key name="text-slide-6"/>
      <key name="button-text-1-slide-6"/>
      <key name="button-link-1-slide-6"/>
      <key name="button-text-2-slide-6"/>
      <key name="text-align-slide-6"/>
      <key name="heading-nav-slide-6"/>
      <key name="text-nav-slide-6"/>
      <key name="advisor-slide-6-end"/>
      <key name="advisor-typography"/>
      <key name="advisor-primary-btn-hover"/>
      <key name="advisor-btn-link-color"/>
      <key name="advisor-typography-h1"/>

      <key name="advisor-typography-h2"/>
      <key name="advisor-typography-h3"/>
      <key name="advisor-typography-h4"/>
      <key name="advisor-typography-h5"/>
      <key name="advisor-typography-body"/>
      <key name="advisor-social"/>
      <key name="advisor-facebook-url"/>
      <key name="advisor-twitter-url"/>
      <key name="advisor-google-url"/>
      <key name="advisor-instagram-url"/>
      <key name="advisor-linkedin-url"/>
      <key name="advisor-footer"/>
      <key name="advisor-footer-style"/>
      <key name="advisor-footer-logo-text-widget"/>
      <key name="advisor-footer-logo"/>
      <key name="advisor-footer-text"/>
      <key name="advisor-footer-color"/>
      <key name="advisor-footer-top-background-color"/>
      <key name="advisor-footer-bottom-background-color"/>
      <key name="advisor-footer-font-color"/>
      <key name="advisor-footer-address-widget"/>
      <key name="advisor-footer-phone"/>
      <key name="advisor-footer-email"/>
      <key name="advisor-footer-company"/>
      <key name="advisor-footer-address"/>
      <key name="advisor-footer-copyrights"/>
      <key name="advisor-footer-tagline"/>

      <key name="advisor-header-seven-layout"/>
      <key name="advisor-post"/>
      <key name="advisor-post-name"/>
      <key name="advisor-post-slug"/>
      <key name="advisor-header-font-color"/>
      <key name="advisor-footer-widgets"/>
      <key name="adivor-slideshow-navigation-thumbnails"/>

    </key>
  </admin-texts>
</wpml-config>
